url,locs
"https://github.com/robotman3000/spent.git",227
"https://github.com/startbootstrap/startbootstrap-clean-blog.git",3058
"https://github.com/doudoufans/antddemo.git",509
"https://github.com/encubedlabs/blogtemplate.git",20670
"https://github.com/eswarvarma-dev/hyf-homework-nodejs-3.git",83
"https://github.com/formattedzzz/react-team.git",2903
"https://github.com/jzecca/color-curve-adjust.git",291
"https://github.com/manu506-1234/bwm-react.git",12118
"https://github.com/marwen-selmi/hoc-movieapp.git",15690
"https://github.com/mishon-pon-pon/goreact.git",16402
"https://github.com/momentum-team-1/js-problem-set-2-aaron-1453.git",244
"https://github.com/momentum-team-1/js-problem-set-2-alyshialozanosmith.git",236
"https://github.com/nnk-ymmt/myslideshow-training.git",101
"https://github.com/qq853838500/movierecommendsystem.git",847
"https://github.com/tejj2103/randomuser.git",1286
"https://github.com/tenphi/targ.git",261
"https://github.com/tonyrlim/reversestring.git",21
"https://github.com/evergreen-ci/evergreen.git",543518
"https://github.com/daveton/react-st.git",17434
"https://github.com/qilianshuo/qilianshuo.github.io.git",25816
"https://github.com/sebastian-getts/notes.git",844508
"https://github.com/volgactf/volgactf-qualifier-frontend.git",34767
"https://github.com/1010993137/hrm.git",189219
"https://github.com/189569400/jumpserver.git",142917
"https://github.com/1906-share-code/code-share.git",28297
"https://github.com/2019-echo-team-kali/career-track-application.git",4326
"https://github.com/30-seconds/30-seconds-of-code.git",1
"https://github.com/377014200/react-diary.git",11298
"https://github.com/4gmz/plantillashtml1.git",39148
"https://github.com/6gawd/whatsfordinner3.git",16970
"https://github.com/8bitjonny/jsgame.git",9787
"https://github.com/93jcbo/empathize-blog.git",14939
"https://github.com/98group1/microcredit.git",301896
"https://github.com/a-modern-fruit-shop-2001-tof232c/a-modern-fruit-stand.git",17261
"https://github.com/aadityasharma/aadi-blog-netlify.git",18190
"https://github.com/aaronkim662/ruksak.git",19560
"https://github.com/aashutoshrathi/oc-frontend.git",25133
"https://github.com/abelovq/react-draggable-snap.git",12287
"https://github.com/abettega/to-de-olho-client.git",16238
"https://github.com/abnets/bidir-web-dev.git",314391
"https://github.com/acij-ar/monitor-presupuestario.git",20527
"https://github.com/acjim/acmacsdesktop.git",59783
"https://github.com/adriaangiel/quiklease.git",14580
"https://github.com/adrianyanglinde/knowledge-hierarchy-f2e.git",17114
"https://github.com/afozbek/freecodecamp-projects.git",192362
"https://github.com/afrobanana/true-music.git",11309
"https://github.com/agilesparks/sudoku.git",24972
"https://github.com/ahmedelshenawy25/ask-fm-clone.git",27616
"https://github.com/ahmedsaoudi85/portfolio.git",13902
"https://github.com/aircloudy/playbar.git",11912
"https://github.com/aishanya11/hackrupt.git",12961
"https://github.com/ajbkr/back.git",11010
"https://github.com/akandula/core-js.git",59688
"https://github.com/aklevecz/medlab-bridge.git",74200
"https://github.com/akshayharti/todo-list.git",16179
"https://github.com/albertcyberarkpoc/dvsaalbert.git",24313
"https://github.com/aleksk1ng/mern-fullstack-social-network--example.git",25806
"https://github.com/alexandramcmorris/cs4450antibuddies.git",15717
"https://github.com/alexantom/store-itay.git",8977
"https://github.com/alexgalays/abyssa-js.git",8236
"https://github.com/alexiscrack3/spinny-api.git",12650
"https://github.com/alexjoly13/livefinder-client.git",18026
"https://github.com/alexmarucci/gformat-html.git",41574
"https://github.com/alinaamoskalenko/portfolio.git",199707
"https://github.com/alisdemir33/alisreactrepo.git",447852
"https://github.com/almogd92/tut2.git",11692
"https://github.com/almoretto/formbuilder.git",135539
"https://github.com/altaconsejeriatic/ofbtriviabackend.git",5405
"https://github.com/alumnicelliitr/raionzo-website.git",15716
"https://github.com/amatana/partnersnetar.git",7808
"https://github.com/amazeeio/lagoobernetes.git",84903
"https://github.com/andela/coding-geeks-ah-backend.git",23562
"https://github.com/andela/technites-bn-backend.git",21206
"https://github.com/andersb79/training.git",16965
"https://github.com/andersonalmeida/desig-system-ta.git",27167
"https://github.com/andreds-github/projet3.git",152455
"https://github.com/andrewenriquez/sunrunner_server.git",637448
"https://github.com/andrewing/webcrawler-api.git",24679
"https://github.com/andrewlitt/gatsby-starter-netlify-cms.git",2008
"https://github.com/andrewstam/webdev-summer2019-final-project-andrew-stam.git",15603
"https://github.com/andrewtdunn/testdriven.git",21527
"https://github.com/andreypolishchuk28/final-step.git",20133
"https://github.com/andrianbalanescu/netlify-faunadb-example.git",10732
"https://github.com/andriibuimistr/tenders-api.git",29498
"https://github.com/andriiburka/hap-nodejs.git",11520
"https://github.com/anhr/commonnodejs.git",208430
"https://github.com/ankhone/arc-dao-stack.git",15710
"https://github.com/ankita13266/mod.git",94988
"https://github.com/ankitj03/samsbot.git",24757
"https://github.com/ankitnayan/sn-trace-js.git",41649
"https://github.com/annakuszal/project-pizzeria.git",11989
"https://github.com/anotherlee/summer-ui.git",39778
"https://github.com/anypoint-web-components/anypoint-dropdown-menu.git",9890
"https://github.com/appcoin/client.git",137311
"https://github.com/appcoin/node.git",15707
"https://github.com/applepance/codeforlearning.git",321781
"https://github.com/arxun/react-admin.git",8243
"https://github.com/asantiba/estudiente_feria2019.git",27874
"https://github.com/asd-xiv/pluginus.git",25429
"https://github.com/asd11178/https-github.com-balena-io-etcher.git",33029
"https://github.com/ashishkotnala29/webswing.git",259507
"https://github.com/ashu8912/fitnessappreactnative.git",8673
"https://github.com/astn/ekati.git",585994
"https://github.com/atitsbest/holzliebe.git",25338
"https://github.com/atom/atom.git",217712
"https://github.com/atomic-orange/gatsby-starter-blog.git",19145
"https://github.com/atomicwallet/bitcore-lib-xvg.git",368399
"https://github.com/audrakenney/boilermaker.git",11709
"https://github.com/avinash1617/aem.git",91979
"https://github.com/avirankatzsofi/covid19-api.git",129
"https://github.com/awspilot/ractive-aws-ui.git",25005
"https://github.com/awu556/earworm.git",12967
"https://github.com/axios/axios.git",46812
"https://github.com/axolotlofconflagration/evention.git",25233
"https://github.com/aych-inc/aych.lum.sdk.git",11271
"https://github.com/aychain/insightex.git",8480
"https://github.com/aychcom/relay.git",128591
"https://github.com/aychex/aex.node.git",8407
"https://github.com/aychspace/hypoclient.git",44521
"https://github.com/ayladharamsey/overlook.git",22689
"https://github.com/b-bartosz/calc-app.git",15964
"https://github.com/backgroundcolor/ueditor.git",207757
"https://github.com/baileymbeck/nasa-kids.git",34465
"https://github.com/bat-m/hackhorreur.git",14512
"https://github.com/beeboss/pesten.git",17863
"https://github.com/bellom/todo-list.git",5596
"https://github.com/ben-ghirardani/football-yes.git",18661
"https://github.com/benlansdell/compneurointro.git",230997
"https://github.com/beresoto/e-commerce.git",10936
"https://github.com/better-reads/front-end.git",14644
"https://github.com/beyondcoin-project/beyondcoin-explorer.git",77487
"https://github.com/bhfelicia/annotation-app.git",14507
"https://github.com/bhfelicia/stackathon.git",11960
"https://github.com/bidouilleurslibristes/artefact.git",55537
"https://github.com/bisenanju/crewcharge.git",9516
"https://github.com/bitfinance-co/dex-app.git",33886
"https://github.com/bitcoin-green/bitcoin-green-lib.git",46526
"https://github.com/bitwired/apidocs.git",13362
"https://github.com/blacklen/fungag.git",17815
"https://github.com/vuesomedev/todomvc-vue-composition-api.git",17135
"https://github.com/blakegeist/next-firebase-boiler.git",33608
"https://github.com/blakeing/biscardi.git",25368
"https://github.com/blakio/dashboard.git",100059
"https://github.com/blee0105/react-pps.git",17800
"https://github.com/bogacsabuncu/finn-moji.git",25628
"https://github.com/bokeefe/commune-fun.git",18004
"https://github.com/botix/node-ci.git",18629
"https://github.com/brainchild13/project3-property-maintenance.git",17188
"https://github.com/bravetechnologycoop/bravebuttons.git",17669
"https://github.com/breathehr/quarterly_meeting.git",23508
"https://github.com/bridgetklingler/jcp_payroll.git",10036
"https://github.com/britstarr/gatsby-starter-netlify-cms.git",2008
"https://github.com/broadinstitute/exome-results-browsers.git",8401
"https://github.com/brodybits/cordova-sqlite-spatialite-evplus-ext-common-free-unstable-0xx.git",28858
"https://github.com/buddhathechef/jul2019.git",16216
"https://github.com/build-weekwmyplants/front-end.git",15604
"https://github.com/burt23/ipfs.git",34380
"https://github.com/bw-airbnbprice3/front-end.git",1443
"https://github.com/bw-bucket-list/front-end.git",15709
"https://github.com/bw-wedding-portfolio/fe.git",14657
"https://github.com/c11g/daily-study.git",5757
"https://github.com/bradleyball/letschat.git",14835
"https://github.com/campedelliluiz/advanced-react.git",59876
"https://github.com/canyara/xwalla.git",126534
"https://github.com/captainrdubb/means.git",17684
"https://github.com/carmensantoro/pomodo.git",15063
"https://github.com/cartometricsteam/activa.git",56969
"https://github.com/caxtontaylor/fromdatabasetoh5p.git",26944
"https://github.com/cbfbl/proj369.git",17139
"https://github.com/cbsone/stinger-explorer.git",18073
"https://github.com/ccca-dc/ckanext-thredds.git",168000
"https://github.com/cccoast/webui.git",28881
"https://github.com/cdking007/chirags-blog.git",19145
"https://github.com/ceefee/mirrors-layui.git",32787
"https://github.com/cerkinfo/site.git",8050
"https://github.com/terracota-p/javascript-playground.git",26846
"https://github.com/chakra-core/chakracore.git",2739671
"https://github.com/charmainelohsiying/cs2102-task-sharing-application.git",638430
"https://github.com/charvigupta/apachesuperset_edit.git",129942
"https://github.com/chialuka/banka-app.git",13612
"https://github.com/chinhphan099/blogspot.git",23340
"https://github.com/chinwailun/talkabout.git",4855
"https://github.com/chirimen-oh/chirimen-micro-bit.git",9026
"https://github.com/chrisget/stbcontroller.git",177644
"https://github.com/chrishalley/nodeci.git",19058
"https://github.com/chrishj59/nodeci.git",21404
"https://github.com/christian-sugianto/curio-frontend.git",32045
"https://github.com/chromedia-design/spoke-admin-markup.git",2625857
"https://github.com/cityscope/cs_cityscopejs.git",6817
"https://github.com/cjfinnell/reactnd-project-myreads.git",15479
"https://github.com/ckeyer/sublime-config.git",1347723
"https://github.com/cl7799/-.git",168377
"https://github.com/clach04/html_cardpen_mirror.git",16098
"https://github.com/claflamme/ld-test.git",10490
"https://github.com/clagomess/mapa-brasil.git",9131
"https://github.com/clemsonchoirs/website.git",38370
"https://github.com/cloudinary/cloudinary_npm.git",23727
"https://github.com/cloudxtreme/cloudron-cli.git",6070
"https://github.com/clpena/whats-new.git",14622
"https://github.com/cmarabate/gatsby-starter-i18n-bulma.git",5044
"https://github.com/cngjsskaisme/exchange-react-native.git",34580
"https://github.com/codebattlecommunity/codebattle-kvant-game-land-capture.git",75112
"https://github.com/codeceptjs/codeceptjs.git",52301
"https://github.com/codeelves/react-image-annotation.git",20173
"https://github.com/codenation-dev/squad-1-ad-react-softplan-1.git",19393
"https://github.com/cody-brock/toy-problems.git",129864
"https://github.com/cointobanks/lifetioncore-ui.git",8065
"https://github.com/colesnyder/colesnyder.github.io.git",30866
"https://github.com/colink96/break.gg.git",12547
"https://github.com/colink96/vuecommerce.git",13798
"https://github.com/collabcodetech/training-auth.git",10141
"https://github.com/complat/react-spectra-editor.git",139336
"https://github.com/conanexile/conanexile.git",24679
"https://github.com/copperfield013/deprecated_datacenter.git",165037
"https://github.com/corbifex/lisk-roulette.git",18434
"https://github.com/cordierben/git-learning.git",13151
"https://github.com/courajs/recurse-graph-wiki.git",9196
"https://github.com/cptbang/matcha.git",642607
"https://github.com/cradical/apollo-space-app.git",55729
"https://github.com/crescens/townsquare.git",81612
"https://github.com/croanlabs/backend-futurities.git",9337
"https://github.com/cs17b011/mindsprint.git",17883
"https://github.com/ctschulmeister/familypanel.git",39008
"https://github.com/cwhinfrey/tidbit.git",19515
"https://github.com/cyberlab02/webgoat-harsha.git",194115
"https://github.com/d3alek/zelenik.git",14408
"https://github.com/d3kion/monuments-app.git",11662
"https://github.com/dailybruin/rotc-2016.git",12065
"https://github.com/danfrenette/sickfits.git",56294
"https://github.com/danfyfe/donde_front_end.git",17875
"https://github.com/danhiggins23/hi.git",14717
"https://github.com/danielandro/wintellectwebinars.git",613688
"https://github.com/danielballan/jupyter-at-bnl.git",23762
"https://github.com/danielclough/danielc.us-gatsby.git",33806
"https://github.com/danielkolodziej/portfolio.git",15154
"https://github.com/dannybarker/hair-shop-cap.git",16717
"https://github.com/daokedao1/leanproduction.git",33596
"https://github.com/dardansojeva/demochattestincloud.git",69375
"https://github.com/darryl-snow/perfect-cookie.git",24333
"https://github.com/dav3rid/be-nc-news.git",5387
"https://github.com/davidlee0216/swoosh.git",89129
"https://github.com/davidlopezamm/robofestmx.git",17831
"https://github.com/davidsharff/live-hand-tracker.git",3608
"https://github.com/dbajric/dreamhouse-lwc.git",4894
"https://github.com/dc-js/dc.js.git",55578
"https://github.com/dean-draper/wdio-cucumber.git",14198
"https://github.com/decyjphr-org/actions-training.git",19738
"https://github.com/deepakexodia/shoppers1.git",71102
"https://github.com/dejung55/travel-compass.git",169465
"https://github.com/dennyshi5126/utcaa-backend.git",9038
"https://github.com/denysbraun85/wtg-.git",1435298
"https://github.com/dermyhughes/gatsby-ghost-blog.git",25749
"https://github.com/derulo-json/json-derulo.git",12357
"https://github.com/desihub/qlf.git",25281
"https://github.com/desmondtoyus/gatsby-contentful-starter.git",2651
"https://github.com/developrfw/project-two.git",5564
"https://github.com/devgateway/amp-offline.git",56023
"https://github.com/devlinjunker/template.webpack.fend.git",228088
"https://github.com/devpointlabs/masterclass.git",23330
"https://github.com/dgomezg/sample-react.git",2374667
"https://github.com/dhavalmanjaria/dma-student-information-system.git",57834
"https://github.com/dhoman/git-er-done.git",23897
"https://github.com/dhowett/spectre.git",16839
"https://github.com/di0nys1s/dev-connector.git",20715
"https://github.com/dictadata/storage-junctions.git",43550
"https://github.com/didoni/scrbl.git",11025
"https://github.com/diegocasmo/workouter-web.git",9191
"https://github.com/diging/amphora.git",175447
"https://github.com/dim2k2006/frontend-project-lvl3.git",12982
"https://github.com/dinir/mini-padder.git",25376
"https://github.com/discord-botify/front-end.git",14789
"https://github.com/dmeedev/builderbookclone.git",35005
"https://github.com/dmytro-horbel/victor-hugo.git",12539
"https://github.com/do0ov/jukbox-fe.git",18696
"https://github.com/dobleamarilla/sanpedro.git",357595
"https://github.com/doc4d/rx.git",17003
"https://github.com/docusland/php-presentation-algo-bases.git",10228
"https://github.com/doncharest/cs673.git",31398
"https://github.com/doria-devops/github-actions-continuous-delivery.git",9661
"https://github.com/dotkom/the-notifier-awakens.git",8624
"https://github.com/doxxy1/matchme-.git",8247
"https://github.com/dream-peddler/dreams.git",11731
"https://github.com/drweizak/react-webpack.git",7802
"https://github.com/ds-wizard/dsw-e2e-tests.git",32664
"https://github.com/dubfactor/xpress.git",54026
"https://github.com/dudleycarr/nsqjs.git",6087
"https://github.com/duffwang/magicmirror.git",23989
"https://github.com/dunn-austen/overlook.git",11131
"https://github.com/duosoftware/dvp-campaignmanager.git",6545
"https://github.com/dylanburkey/dylans-cms.git",25082
"https://github.com/ebeneshmarticlues/full-stack-web-development.git",6558
"https://github.com/ecofintech/confoederatio-dex.git",193810
"https://github.com/ecomfe/san-cli.git",28161
"https://github.com/ecomplus/admin.git",475899
"https://github.com/edba5/blog-adaware.git",25080
"https://github.com/eddgr/fooder-frontend.git",15240
"https://github.com/edlsto/whats-new.git",14584
"https://github.com/eduardothomas/reactnd-contacts-app.git",15487
"https://github.com/egichuhis/myportfoliosite.git",4535
"https://github.com/ej091299/history117.git",10918
"https://github.com/ekoshiro16/graceshopper.git",11960
"https://github.com/elascalla/ischoolde.git",39978
"https://github.com/eldinzaimovic/euphoric-voyage.git",20554
"https://github.com/eleerogers/campsiter.git",20646
"https://github.com/elghayatesalma/labinthewild_unintendedconsequences.git",49012
"https://github.com/eminx/anthropocene.git",9879
"https://github.com/emoteb28/geoquizz.git",1474451
"https://github.com/enbro/soho-http-api.git",13361
"https://github.com/entitysmartmirror/airporthelpertest.git",512013
"https://github.com/erathosthemesammoroteam/track-communities.git",56484
"https://github.com/erik-krogh/sudoslider.git",17371
"https://github.com/es-community/ex-luminous.git",13302
"https://github.com/esarafianou/auth0.js-fork.git",31234
"https://github.com/esriuk/worldview.git",22970
"https://github.com/estudioyobo/site.git",91860
"https://github.com/evan-otero/simple_counter_with_react.git",14462
"https://github.com/evanbaker68/petfinder.git",26444
"https://github.com/evert-platform/evertbase.git",9758
"https://github.com/exapsy/e-logistics.git",415922
"https://github.com/excursion-app/excursion.git",29495
"https://github.com/executablebooks/sphinx-copybutton.git",6159
"https://github.com/exhuma/python-course-basic.git",23761
"https://github.com/expressjs/express.git",23270
"https://github.com/skystash/shard-docs.git",41773
"https://github.com/fac-graduate-programme/nova-foundation.git",23455
"https://github.com/facebook/create-react-app.git",155479
"https://github.com/facebook/react-native.git",544240
"https://github.com/facebook/react.git",471755
"https://github.com/facorreiaa/programacaoweb.git",20312
"https://github.com/facuj/gatsby-starter-tailwind.git",22248
"https://github.com/facxbeamery/project-week-7.git",24999
"https://github.com/faranheit15/faran-tech-blog.git",19143
"https://github.com/farookbe/mosque-screen.git",13200
"https://github.com/fattylee/fattylee-storybook.git",8969
"https://github.com/fb-chatreader/backend.git",10875
"https://github.com/featherbear/unsw-comp6441-rattata.git",16638
"https://github.com/feisty-flintstones/playground.git",16485
"https://github.com/felixwieland/inez.git",16640
"https://github.com/firstake/local-barbershop.git",22136
"https://github.com/1mid/bot-user-interface.git",66370
"https://github.com/fjarik/zoliky.git",318982
"https://github.com/flailingmaster/commitchallenge.git",9461
"https://github.com/flchy/flchy.github.io.git",882
"https://github.com/flixflix/mymoney.git",119341
"https://github.com/florian-hub/react-train.git",25295
"https://github.com/flyingbig/3dcommunity.git",14818
"https://github.com/foodin/foodin.github.io.git",16279
"https://github.com/foraliving/foraliving_v0.git",5018
"https://github.com/forfansubs/front-end.git",8546
"https://github.com/forstalabs/forsta-message-vault.git",32269
"https://github.com/fourstar04/gatsby-starter-netlify-cms.git",22720
"https://github.com/francelabs/datafari.git",536919
"https://github.com/fredsantos101/biggeo.git",1870643
"https://github.com/frodofarhani/react-boilerplate.git",26189
"https://github.com/frodofarhani/react-starter-kit.git",4348
"https://github.com/frontdevtest/coursera.git",94984
"https://github.com/fsa-2001-chi-dill/graced-pickles.git",14142
"https://github.com/fsvaos/vaos.git",349647
"https://github.com/fuadguluzade/forum-app-project2.git",18731
"https://github.com/fusionbox/django-widgy.git",47140
"https://github.com/g1y/crime-map.git",8535
"https://github.com/gabbloquet/arbre-de-lespoir.git",22325
"https://github.com/gabrieldissotti/learning-rocketseat-gostack.git",1209099
"https://github.com/gabrieleluz/notes.git",15306
"https://github.com/galaxicdrones/friendslauncher.git",13993
"https://github.com/gamegenesis01/modmail.git",8192
"https://github.com/gameinfo-cc/gamesfaves.git",12607
"https://github.com/gatsbify/thecourierguy.co.za.git",3516
"https://github.com/gauravtiwari/graphql-server-examples.git",111547
"https://github.com/gawesomebot/bot.git",58380
"https://github.com/neiist-dev/gce-neiist-webapp.git",17599
"https://github.com/gemdiamonds/etherwallet.git",45446
"https://github.com/gemofort/fix-me-bruh-back-end.git",8650
"https://github.com/generalelectrix/wiggles.git",382731
"https://github.com/geofftidey/tidey.net.git",14695
"https://github.com/georgedumontier/advanced-react.git",59281
"https://github.com/gg4210/teamproj.git",80771
"https://github.com/dianfanguo233/uctoo_backup.git",502455
"https://github.com/gimorhee/plateau.git",21764
"https://github.com/gjulka/cryptosite-client.git",18453
"https://github.com/gnn06/gnn-react-googlephotosalbumselector.git",15357
"https://github.com/gokulnathp/f40-sm.git",16479
"https://github.com/goodyint/gavinpower.com.git",24092
"https://github.com/googlechromelabs/carlo.git",4046
"https://github.com/goosey13/bitcore-broteq.git",228823
"https://github.com/grace-chopper/grace-chopper.git",14718
"https://github.com/greaspace-beijing/fabric-samples.git",47611
"https://github.com/green-fox-academy/x566chen.git",615327
"https://github.com/gregwiechec/wiola-website.git",2008
"https://github.com/gsantella/se-group.git",5422
"https://github.com/gt4w-consultoria/vue-form-generator-gt4w.git",27977
"https://github.com/gturcat/test_guillaume_turcat.git",90989
"https://github.com/gustavoernandes/gatsby-starter-netlify-cms.git",2008
"https://github.com/gzh51907/khly.git",21172
"https://github.com/hackbrowser/hackbrowser.git",6392
"https://github.com/hahalulu/react-admin.git",55172
"https://github.com/hakimel/reveal.js.git",32918
"https://github.com/halvadar/archos.git",21184
"https://github.com/handsontable/jstat.git",12420
"https://github.com/hecenjie/experimentalreportsystem.git",155968
"https://github.com/heliosampe/uno.git",7763
"https://github.com/hello-cockatiel-2019/hellocockatiel-pr.git",16154
"https://github.com/helloryantg/task-app.git",292261
"https://github.com/hemsinghlearninginfo/hps-1.0.0.git",27903
"https://github.com/hengg/js-walker.git",88872
"https://github.com/herry-k/jitsi-meet-in.git",197993
"https://github.com/hiiamyes/frontend-cookbook.git",7522
"https://github.com/hoangle4/trans4mationnow.git",22366
"https://github.com/home-de-pott/search-and-nav-bar.git",16080
"https://github.com/howardlee93/calmanage.git",17485
"https://github.com/hsdonkin/pokemon-pokedex.git",10177
"https://github.com/huynguyenhai/cat-chat.git",8350
"https://github.com/hvuj/release-based-workflow.git",774
"https://github.com/hwjb113/pizzaboys.git",120460
"https://github.com/hereon-wpi/pre-experiment-data-collector.git",18604
"https://github.com/i-maxyuan/alcpt.git",231217
"https://github.com/i3bar/core.git",6618
"https://github.com/iamharrytran/react-csv.git",149998
"https://github.com/iamskok/netlify-cms-gatsby.git",24413
"https://github.com/ibericode/boxzilla-wp.git",29945
"https://github.com/ice-lab/iceworks-backup.git",21227
"https://github.com/idlelands/idlelands3.git",31472
"https://github.com/igridproject/bigstream-edge.git",12585
"https://github.com/ikeshegs/way-farer-app.git",13437
"https://github.com/imbudhiraja/express-boilerplate.git",13842
"https://github.com/imjoy-team/elfinder.git",126274
"https://github.com/imrfeng/yellowcake.git",3516
"https://github.com/innollex-solutions/viewers.git",56835
"https://github.com/insanedeus/homeworks.git",8486
"https://github.com/interiar/master.git",16667
"https://github.com/intex2/front-end.git",18972
"https://github.com/irinaovdii/wesbosnode.git",23831
"https://github.com/iselareyesperdomo94/burguerqueenpandemonium.git",16545
"https://github.com/ishanajmeri/tic-tac-toe.git",14972
"https://github.com/ithoangtan/learn-reactjs.git",86336
"https://github.com/itsmekathi/aayud-hms.git",41521
"https://github.com/ix-co/pgatour-html5-skin.git",32487
"https://github.com/izuharaaa/gatsby-starter-blog.git",20821
"https://github.com/j-sea/bailfire.git",5242
"https://github.com/zhihao-lin/strangertalk.git",14917
"https://github.com/jaames/iro.js.git",8689
"https://github.com/jabberish/jabberish.github.io.git",13750
"https://github.com/jacwo/blog-react.git",30804
"https://github.com/jake-warburton/gatsby-starter-netlify-cms.git",21667
"https://github.com/jamesbmadden/pwmini2022_v10.git",14004
"https://github.com/jamesrexmiller4/refactortractor.git",102787
"https://github.com/jarnedeschacht/taijitan_dotnet.git",70909
"https://github.com/jarvischang722/chgh-pms.git",94108
"https://github.com/jasiimwe/saloon.git",564782
"https://github.com/jasminegmp/eudora.git",19811
"https://github.com/jayfiled/simple-blog.git",158
"https://github.com/jcoreio/tar-bundler.git",7275
"https://github.com/jdej/uop-backend.git",7274
"https://github.com/jeff1evesque/machine-learning.git",10673
"https://github.com/jeffmjwong/aws-node-react-todolist-app.git",10664
"https://github.com/jellysquider/english-with-sammy.git",9924
"https://github.com/jembi/openhim-core-js.git",52677
"https://github.com/jennifer-jz/portfolio.git",38016
"https://github.com/jens-maus/occu-test.git",12146
"https://github.com/jeremiahtenbrink/portfolio-jerga.git",13888
"https://github.com/jeremyfromearth/pixelspace.git",5827
"https://github.com/jezzamonn/bbounce.git",10087
"https://github.com/jezzamonn/physics.git",10299
"https://github.com/jfcon/food-pickup-app.git",16793
"https://github.com/jimmymac387/release-based-workflow.git",774
"https://github.com/jirwincline/pokedex.git",10177
"https://github.com/jisoo449/where_shall_we_meet.git",71334
"https://github.com/jkermode/sample-cloud-native-toolchain-tutorial-20200423234635405.git",13189
"https://github.com/jlwalkerlg/bookable.git",16606
"https://github.com/joaogonzaga-git/github-actions-continuous-delivery.git",9661
"https://github.com/joaokurtz/v1.0.git",29093
"https://github.com/joelcarlss/github-panel.git",23362
"https://github.com/johndinhdev/soul-sword.git",69171
"https://github.com/johnfyoung/mernstarter.git",27189
"https://github.com/jordantai/be-nc-news.git",13103
"https://github.com/jorgegallegosms/tenor-search.git",649
"https://github.com/jorgegwd/jorgegwd-web.git",13982
"https://github.com/josephhaefling/refactor-tractor.git",72136
"https://github.com/josh-cook/challenge-generator.git",14224
"https://github.com/josiahjswab/slack-bot.git",24387
"https://github.com/jpjpjp/webex-jira-notifier.git",10083
"https://github.com/jpshank2/buggee.git",16299
"https://github.com/jpweist/family-feud.git",9773
"https://github.com/jquery/jquery.git",52967
"https://github.com/jrowan19/nc-news.git",11406
"https://github.com/jscheinhorn/iotstackathon.git",14000
"https://github.com/jsilvas/wmr-melonberry.git",25088
"https://github.com/juanperezc/lab3-backend.git",6775
"https://github.com/judgeduck/judge-duck-service.git",19754
"https://github.com/julia-catalano/stoop.git",13129
"https://github.com/julian-wyatt/trailers-central.git",18454
"https://github.com/jumbocode/jeanne-geiger.git",23352
"https://github.com/junolab/atom-ink.git",6038
"https://github.com/justincotton/playoffs-or-bust.git",15043
"https://github.com/jyon124/scrapbook_frontend.git",89192
"https://github.com/kach92/ga-classroom.git",15529
"https://github.com/kaizhu256/node-sqljs-lite.git",9024
"https://github.com/kakao/daumeditor.git",66973
"https://github.com/kalaxxy/shop.git",24354
"https://github.com/kamil333/develiper.git",37476
"https://github.com/kareema591/release-based-workflow.git",774
"https://github.com/karenguyen94/whats-new.git",15829
"https://github.com/karlfunhouse/overlook.git",41039
"https://github.com/karlfunhouse/whats-new.git",15825
"https://github.com/katedee/c19-one-page.git",135352
"https://github.com/katiewright26/wes-bos-advanced-react.git",63382
"https://github.com/kaviyasugumar/kavi1914.git",5990
"https://github.com/kellolo/js-gb-second-18.09.git",153427
"https://github.com/kem247/the-shopping-cart.git",11960
"https://github.com/kennethz374/midtermproject.git",15490
"https://github.com/kevacoin-project/kevacoin_bitcore.git",320894
"https://github.com/kevinolsson/barebones-netlify-cms-react-starter.git",8193
"https://github.com/generalistcodes/gatsby-starter-netlify-cms.git",2008
"https://github.com/kimhd95/chatbot-web-server.git",30970
"https://github.com/kinla/sanity-company-demo.git",37645
"https://github.com/kinvey/kinvey-cli.git",33025
"https://github.com/kkl1210/music-admin-frontend.git",1842
"https://github.com/kloutse42n/angular-pickadate.git",84179
"https://github.com/kodiri/flat-pack-forum.git",15935
"https://github.com/kodular/ai-unchive.git",246005
"https://github.com/kominoshja/fosscomm-2019-webxr.git",22785
"https://github.com/koniarek/gatsby-starter-gcn.git",23822
"https://github.com/koresamuel/daily-algorithms.git",10429
"https://github.com/krisswiltshire30/syne.git",18065
"https://github.com/krnsk0/krnsk0.dev.git",18327
"https://github.com/kudaykiran/echoo.git",22023
"https://github.com/kumajogo/1-4_presents.git",23431
"https://github.com/kumarabhirup/p5js_multiplayer_koji_scaffold.git",8646
"https://github.com/kuna/iidxranktable.git",20057
"https://github.com/kunoichiz/magnezone.git",48318
"https://github.com/kveitch/fitlit.git",95447
"https://github.com/labs13-sauti-studio/sauti-studio-fe-v2.git",17979
"https://github.com/labs13-sauti-studio/sauti-studio-fe.git",15130
"https://github.com/bloominstituteoftechnology/node-auth1-guided.git",6522
"https://github.com/lamberta/devkit-doc.git",5539
"https://github.com/lamvu1/sribbble-clone-app.git",7807
"https://github.com/lancehamilton24/bewell-in-school.git",17203
"https://github.com/lanrll/1000.git",250939
"https://github.com/lastcanal/tvr.git",5856
"https://github.com/privacyconcerns/timeline.git",12757
"https://github.com/lca-activitybrowser/activity-browser.git",107580
"https://github.com/learn-co-students/crud-lab-chicago-web-career-040119.git",36408
"https://github.com/learn-co-students/fewpjs-sending-data-with-fetch-london-web-030920.git",4127
"https://github.com/learn-co-students/fewpjs-sending-data-with-fetch-nyc-web-021720.git",4127
"https://github.com/learn-co-students/fewpjs-sending-data-with-fetch-nyc-web-030920.git",4127
"https://github.com/learn-co-students/hogwarts-dumbo-web-82619.git",13260
"https://github.com/learn-co-students/hogwarts-houston-web-091619.git",13260
"https://github.com/learn-co-students/hogwarts-nyc-clarke-web-010620.git",13260
"https://github.com/learn-co-students/hogwarts-nyc-clarke-web-082619.git",13260
"https://github.com/learn-co-students/js-basics-strings-code-along-nyc04-seng-ft-030920.git",369
"https://github.com/learn-co-students/js-functional-library-project-atlanta-web-021720.git",426
"https://github.com/learn-co-students/map-dispatch-to-props-lab-atlanta-web-033020.git",36000
"https://github.com/learn-co-students/map-dispatch-to-props-lab-austin-web-120919.git",35998
"https://github.com/learn-co-students/map-dispatch-to-props-lab-london-web-012720.git",36000
"https://github.com/learn-co-students/map-dispatch-to-props-lab-onl01-seng-pt-100619.git",36000
"https://github.com/learn-co-students/map-state-to-props-lab-dc-web-career-040119.git",34798
"https://github.com/learn-co-students/map-state-to-props-lab-nyc-web-082619.git",34798
"https://github.com/learn-co-students/map-state-to-props-lab-online-web-ft-041519.git",34798
"https://github.com/learn-co-students/map-state-to-props-lab-seattle-web-012720.git",34798
"https://github.com/learn-co-students/map-state-to-props-lab-seattle-web-071519.git",34798
"https://github.com/learn-co-students/react-async-fetch-lab-nyc-web-012720.git",159
"https://github.com/learn-co-students/react-component-mounting-and-unmounting-lab-den-web-071519.git",14958
"https://github.com/learn-co-students/react-component-mounting-and-unmounting-lab-denver-web-100719.git",14958
"https://github.com/learn-co-students/react-component-mounting-and-unmounting-lab-nyc-web-career-040119.git",14958
"https://github.com/learn-co-students/react-component-mounting-and-unmounting-lab-onl01-seng-ft-032320.git",14958
"https://github.com/learn-co-students/react-component-mounting-and-unmounting-lab-online-web-ft-100719.git",14958
"https://github.com/learn-co-students/react-component-updating-lab-atlanta-web-033020.git",288
"https://github.com/learn-co-students/react-component-updating-lab-online-web-pt-090919.git",288
"https://github.com/learn-co-students/react-components-as-routes-lab-atlanta-web-010620.git",15321
"https://github.com/learn-co-students/react-components-as-routes-lab-dumbo-web-120919.git",15321
"https://github.com/learn-co-students/react-dynamic-components-lab-den-web-071519.git",18505
"https://github.com/learn-co-students/react-dynamic-components-lab-houston-web-080519.git",18505
"https://github.com/learn-co-students/react-events-in-detail-lab-chi01-seng-ft-010620.git",234
"https://github.com/learn-co-students/react-forms-lab-atlanta-web-021720.git",13595
"https://github.com/learn-co-students/react-forms-lab-hou01-seng-ft-042020.git",13595
"https://github.com/learn-co-students/react-forms-lab-london-web-120919.git",13595
"https://github.com/learn-co-students/react-pokemon-searcher-houston-web-062419.git",1659
"https://github.com/learn-co-students/react-pokemon-searcher-houston-web-080519.git",1659
"https://github.com/learn-co-students/react-pokemon-searcher-london-web-062419.git",1659
"https://github.com/learn-co-students/react-pokemon-searcher-london-web-120919.git",1659
"https://github.com/learn-co-students/react-pokemon-searcher-nyc-clarke-web-082619.git",1659
"https://github.com/learn-co-students/react-pokemon-searcher-seattle-web-091619.git",1659
"https://github.com/learn-co-students/react-presentation-components-lab-den01-seng-ft-051120.git",73396
"https://github.com/learn-co-students/react-presentation-components-lab-denver-web-career-042219.git",73396
"https://github.com/learn-co-students/react-presentation-components-lab-dumbo-web-010620.git",73396
"https://github.com/learn-co-students/react-presentation-components-lab-nyc-clarke-web-071519.git",73396
"https://github.com/learn-co-students/react-presentation-components-lab-online-web-pt-090919.git",73396
"https://github.com/learn-co-students/react-presentation-components-lab-seattle-web-080519.git",73396
"https://github.com/learn-co-students/react-presentation-components-lab-seattle-web-082619.git",73396
"https://github.com/learn-co-students/react-props-and-state-lab-denver-web-060319.git",25081
"https://github.com/learn-co-students/react-props-and-state-lab-london-web-010620.git",25081
"https://github.com/learn-co-students/react-props-and-state-lab-nyc-web-010620.git",25081
"https://github.com/learn-co-students/react-props-and-state-lab-seattle-web-030920.git",25081
"https://github.com/learn-co-students/react-props-movie-lab-chicago-web-021720.git",12448
"https://github.com/learn-co-students/react-props-movie-lab-uci-online-web9-pt-093019.git",12448
"https://github.com/leecoders/javascript_amazon_carousel.git",15293
"https://github.com/leedongyoen/cafein.git",91052
"https://github.com/leevie/park-sense-app.git",31621
"https://github.com/leikodmitry/codetube.git",29711
"https://github.com/liamrdawson/gatsby-netlify-cms-test.git",23584
"https://github.com/linchristiands/linebotschedule.git",155965
"https://github.com/lixinvi/mediawiki_parsoid_deloy.git",2035216
"https://github.com/lizzyhanna/hr_application.git",19873
"https://github.com/ljebessa/chess-game.git",5114
"https://github.com/ljherrm/senior-project.git",9746
"https://github.com/llynch1998/tremor-host.git",8765
"https://github.com/lokidiniz/strapii.git",148505
"https://github.com/loosper/accesswolf.git",23495
"https://github.com/louiscklaw/nextjs-playlist.git",126377
"https://github.com/lpjlpj/ahmi.git",399050
"https://github.com/ls5cd8/release-based-workflow.git",774
"https://github.com/lsxlsxxslxsl/notes-and-blog.git",114093
"https://github.com/luanmenglei/rrrr.git",234371
"https://github.com/lubhub612/bitcore-lib-vcoin.git",38410
"https://github.com/lucasdinizcosta/automatocelulargeracaoprocedural.git",5869
"https://github.com/lucashfonseca123/desafio_1_backend.git",501
"https://github.com/lucianogeo/pensar2online.git",36537
"https://github.com/lugia-ysstech/mega-cli.git",19330
"https://github.com/luisb0992/distribuidoragenesis.git",132611
"https://github.com/lukassso/gatsby-netlify-cms-starter.git",22783
"https://github.com/lvqchau/fe25_elearning.git",19554
"https://github.com/lyssfitz/sailor_mern_frontend.git",25971
"https://github.com/macwille/fullstack-course.git",364850
"https://github.com/madalin-antonoiu/victor-hugo.git",12917
"https://github.com/madewithkoji/koji-phaser3-scaffold.git",11616
"https://github.com/maggoten/jsonservercgivisitkort.git",15740
"https://github.com/mahy-hashem/otlobo-frontend.git",13152
"https://github.com/majelbstoat/snowflake-engineering.git",22432
"https://github.com/manpreet4664/book-it.git",10536
"https://github.com/mapplix/aaua.git",38475
"https://github.com/marc-firebrand/yellowcake.git",25065
"https://github.com/marcosdd/serverless-stack-client.git",18323
"https://github.com/margotguo/tw-homework-repo-front-end.git",25547
"https://github.com/marie1881/foodapp2.git",156181
"https://github.com/markw13a/gaelic-dictionary-app.git",15679
"https://github.com/marvinlara41/timestamp.git",5900
"https://github.com/marvinody/create-react-redux-app.git",13127
"https://github.com/masko-vl/sports_shop_fullstack.git",23456
"https://github.com/masoudmanson/pod-chat-browser.git",99146
"https://github.com/mat-burke/sunrise-spa.git",64963
"https://github.com/mateuszpuchalski/team-dashboard.git",201692
"https://github.com/matmar10/protractor-cucumber-slices.git",13543
"https://github.com/matt-basile-lambda-projects/react-insta-clone.git",17759
"https://github.com/matt-kukawski/cors-anywhere.git",4749
"https://github.com/mattiasw/exifreader.git",22761
"https://github.com/mattpeet/matt-peet-illustration.git",25134
"https://github.com/maxiblanco/advanced-react-wb.git",59385
"https://github.com/maxlath/wikibase-sdk.git",28499
"https://github.com/mayunguo/oem-test.git",258040
"https://github.com/mdtngr/naad20.git",261051
"https://github.com/mediacomem/comem-archioweb-tictactoe.git",22853
"https://github.com/medicodigital/mason.git",23545
"https://github.com/megan-venetianer/travel-tracker.git",10490
"https://github.com/meganindya/creative-coding.git",728
"https://github.com/membase/ns_server.git",414954
"https://github.com/memewarsgame/blog.git",21915
"https://github.com/meteor/meteor.git",349784
"https://github.com/mgm1313/devierdedimensie.nl.git",28631
"https://github.com/miaolegefan/winshare-app.git",23384
"https://github.com/michaelyonkman/reciperoost.git",354587
"https://github.com/michaliskout/meetup-app.git",15564
"https://github.com/microarea/ngx-auth.git",12678
"https://github.com/miguelusque/react-nanodegree.git",35432
"https://github.com/mikeratcliffe/acebug.git",73734
"https://github.com/mikulskee/changingroom.git",16568
"https://github.com/mimitch2/advancedreact.git",59253
"https://github.com/mindfulhands/mindfulhands-web.git",7340
"https://github.com/mishayelysieiev/wook-final-project.git",15092
"https://github.com/misrn/lsas.git",21842
"https://github.com/misterio77/trabalho-idw.git",14769
"https://github.com/mistycommunity/javascript-sdk.git",6331
"https://github.com/mittariq/atom.git",203071
"https://github.com/miudit/gatsby-starter-netlify-cms.git",4484
"https://github.com/miwks/mmiw.git",305093
"https://github.com/mjakeirwin/employee-engagement.git",17795
"https://github.com/mjhcodes/podguild.git",22781
"https://github.com/mjpcasey/pubjs.git",128688
"https://github.com/mkjuan/techtalent2020.git",11960
"https://github.com/mneedham/hugo-blog.git",1109
"https://github.com/mngyuan/personal-site-2015.git",1348531
"https://github.com/mohamedtwice/starttoday.git",25993
"https://github.com/mohamilr/maintenance-tracker.git",10604
"https://github.com/moloni73/mapsapikeyej.git",71363
"https://github.com/monkemedia/trolifystorefrontdemo.git",24950
"https://github.com/monmanuela/rona-v2.git",22802
"https://github.com/mosa1/skeleton.git",44746
"https://github.com/mosmaall/todo-web.git",16611
"https://github.com/motivationsbanner/card-game.git",5076
"https://github.com/mozilla/webxr-polyfill.git",80799
"https://github.com/mozillareality/unity-webxr-export.git",3197
"https://github.com/mpatellis/cop-4331-large-project.git",18305
"https://github.com/mrgmacandog/gravel.git",24765
"https://github.com/mrkrstphr/budgetary.git",60845
"https://github.com/mrniktarasov/2019-2-atom-frontend-n-tarasov.git",35774
"https://github.com/mschuster/finanzkompass_prototype.git",19201
"https://github.com/msemikin/cache.git",84088
"https://github.com/mshaikhkt/nodejseexample.git",10726
"https://github.com/msheezi/outfittr.git",22474
"https://github.com/mstiles01/break-bread-capstone.git",15945
"https://github.com/mweberlambdaweb19/team-lead-hours-mw-projects.git",4793
"https://github.com/myk1118/run_tracker.git",18434
"https://github.com/mynameisandrew00/persistent-scatterers-tool.git",94328
"https://github.com/mzr/multisweeper-online.git",2456
"https://github.com/nadakourkmas/react-o-graph.git",18076
"https://github.com/naot-shio/vocab-app-firebase-frontend.git",17536
"https://github.com/nathanlytang/inhabit.git",21034
"https://github.com/nativoplatform/nativosdk-reactnative-sampleapp.git",1021
"https://github.com/naveteam/saturn.git",3256
"https://github.com/nebur395/anisclo.git",13933
"https://github.com/netliferesearch/hdir-frontend.git",69901
"https://github.com/voax/quizzer.git",30588
"https://github.com/ngohungphuc/mobile-development.git",189290
"https://github.com/nhutnh95/demo-res.git",38688
"https://github.com/nibble-network/pool.git",13504
"https://github.com/nicmosc/js-yaml.git",14289
"https://github.com/nielsaudoor/exiuma.git",7990
"https://github.com/nike-clone-sdc-dr-oettenger/bryan-you-may-like.git",196933
"https://github.com/nils-emil/resto-order-api.git",1421
"https://github.com/niravpatel129/todo-list-challenge.git",14918
"https://github.com/nmestrada/restaurant-tracker.git",11960
"https://github.com/nodejs/citgm.git",6824
"https://github.com/nodejs/node.git",9223193
"https://github.com/nodejs/wasi.git",6335101
"https://github.com/noetinger/project-3.git",24911
"https://github.com/npbit/rekoui.git",17099
"https://github.com/npeters52/thought-cosmonaut.git",28754
"https://github.com/nrgxnat/xnat-desktop-client.git",20132
"https://github.com/nuganuga/protfolio.git",13888
"https://github.com/numbas/numbas-lti-provider.git",40395
"https://github.com/nv121/docusign.git",122026
"https://github.com/nwutils/create-desktop-shortcuts.git",9863
"https://github.com/nyurak/ohif-extension.git",49838
"https://github.com/o0maikeru0o/wawa-melon.git",11479
"https://github.com/obozhe/obozhe.github.io.git",18987
"https://github.com/ocenting/prodigy.git",11721
"https://github.com/ocranbillions/xyz.git",10710
"https://github.com/oisinnolan/an-scealai.git",86991
"https://github.com/okfe/okfe.github.io.git",18514
"https://github.com/olalekanteeblaze/github-actions-continuous-delivery.git",9661
"https://github.com/olivetthered/wick-editor.git",511642
"https://github.com/oliviagwynn1/hie_datadownloader.git",18127
"https://github.com/onadeem1/cars-site.git",3787
"https://github.com/onbeveiligde-devs/backend-server.git",10281
"https://github.com/ondrejsika/www.git",24279
"https://github.com/opencad-app/opencad-php.git",164512
"https://github.com/openecmr/ecmr.git",112490
"https://github.com/openenergyplatform/oeplatform.git",109014
"https://github.com/openfn/unicef-cambodia.git",12374
"https://github.com/opt-out-tools/opt-out.git",16694
"https://github.com/optinly/cdn.git",17824
"https://github.com/oranges-grace-shopper/oranges.git",11966
"https://github.com/oscarleoo/zmartr.git",5651
"https://github.com/otto-de/gatekeeper.git",7455
"https://github.com/ottypes/json1.git",8807
"https://github.com/oumaysou/matcha.git",384772
"https://github.com/ox15/ox15.github.io.git",83511
"https://github.com/ozimos/yum-server.git",14304
"https://github.com/paaraspb/genesis.git",10396
"https://github.com/pagermon/old-pagermon-server.git",5551
"https://github.com/painflowzz/aqua.git",5643
"https://github.com/paladindigital/wowstats.git",150987
"https://github.com/palanikumar890/webpage.git",82498
"https://github.com/panda-whale/words-with-whales.git",10257
"https://github.com/pandocreek/github-actions-continuous-delivery.git",9679
"https://github.com/pangea/straptk.git",5422
"https://github.com/papillonads/papillonads.draft.git",5260
"https://github.com/papucho/gatsby-starter-netlify-cms.git",22198
"https://github.com/patrykiwasieczko/blog-mern.git",485731
"https://github.com/paulo280799/front-prefeitura.git",18580
"https://github.com/serverest/serverest.git",19024
"https://github.com/pauloskarsoe/esox-webstore.git",45680
"https://github.com/payu/openapi-validator-middleware.git",22181
"https://github.com/payu/requestxn.git",10024
"https://github.com/pdaiii/3072.git",424227
"https://github.com/pedro-ssantos/csn.git",7847
"https://github.com/pedropmedina/sail-front.git",23907
"https://github.com/peizhong/pystuff.git",134487
"https://github.com/peopledoc/styledown.git",5406
"https://github.com/peterandrewclark/peterandrewclark.github.io.git",38159
"https://github.com/pgomez465/imlachchatt.git",29052
"https://github.com/pgoulding/lightside.git",17916
"https://github.com/phantom-blue/phantom-blue.git",19550
"https://github.com/phonofidelic/tapes.git",19599
"https://github.com/physcopanda/psb-netlify-cms.git",25631
"https://github.com/piggybak/demo.git",126009
"https://github.com/pikselpalette/jirascope.git",10086
"https://github.com/pizzooid/wohindasleben.git",2008
"https://github.com/plateau5/ksd_node.git",836018
"https://github.com/pnoonan91/pokegraph.git",11954
"https://github.com/polaris218/offerbrite-admin.git",23175
"https://github.com/polendri/il-tools.git",30933
"https://github.com/politician/domain-tracker-api.git",6675
"https://github.com/possibilitiesintest/react.git",5698690
"https://github.com/potluck-planner-7-29-8-2/frontend.git",16908
"https://github.com/prabhat2410/iotagent_new.git",12441
"https://github.com/preethamsridhar/electron-updater-example.git",3064
"https://github.com/princeadeyeye/teamwork.git",14193
"https://github.com/priviere42/sehra.git",669513
"https://github.com/priyam009/cool-beans.git",23013
"https://github.com/prizey/prizey-web.git",6612
"https://github.com/professional0321/data-visualization-react-d3-graphql.git",25694
"https://github.com/project-sharingweb/sharingweb-react.git",16706
"https://github.com/provable-things/ethereum-bridge.git",5871
"https://github.com/proxeusapp/proxeus-core.git",64530
"https://github.com/ptong19/data-structures-and-algorithms.git",8424
"https://github.com/q2git/mygit.git",281464
"https://github.com/qingqibing/dxf-parser.git",10253
"https://github.com/qnilsson/gatsby-starter-blog.git",18820
"https://github.com/qnsoft/vue-amap.git",13328
"https://github.com/quentinbt/devgame.git",23382
"https://github.com/r-darwish/whats-new-in-python3.git",23829
"https://github.com/r00t-us3r/electroneum-utils.git",12345
"https://github.com/ractf/shell.git",16341
"https://github.com/rage/tietoliikenteen-perusteet-2-20.git",32761
"https://github.com/rahamath18/reactjs-16.8.5-4th-example-state.git",13063
"https://github.com/rahulm2310/estylish.git",3194541
"https://github.com/rajat-29/community_discussion_platform.git",53720
"https://github.com/rajeev30052/chamilo.git",5121
"https://github.com/rajmera3/tmsd.git",932088
"https://github.com/ram786/react-material-ui-firebase.git",9024
"https://github.com/ramos07/pose-estimation.git",566355
"https://github.com/ramzytrabelsy/helloworld-lib.git",12268
"https://github.com/raymondfdavey/be-nc-news-deployed.git",12605
"https://github.com/reach-media/reach-media.git",15243
"https://github.com/realmdigital/developer-docs.git",12828
"https://github.com/redacademy/minervasummer2019.git",9551
"https://github.com/reginadiana/certificates-for-everyone-netlify.git",28895
"https://github.com/regioneer/rer.newsletter.git",19151
"https://github.com/reihnagm/react-redux-hiring-channel-website.git",23125
"https://github.com/remotv/remo-platform-server.git",21423
"https://github.com/rhems-japan/cdn-tools.git",206480
"https://github.com/riaars/expense-manager.git",15062
"https://github.com/ricecreekuas/rc-gcs.git",32877
"https://github.com/richardpilbery/bats.git",944244
"https://github.com/rick-go/gocontroll-moduline.git",6618
"https://github.com/riddsy/dubdub-sites.git",3521
"https://github.com/ridjalfathoni/test-case.git",14441
"https://github.com/rienafairefr/pynynab.git",172920
"https://github.com/rishpan/gatsby-starter-netlify-cms1.git",23895
"https://github.com/rob4abcba/myreadsrl.git",18359
"https://github.com/robostorm/nametag-auto-printing.git",7683
"https://github.com/robotunion/rallf-js-sdk.git",10985
"https://github.com/rodrigo-jm/meal-prep-dojo2.git",17452
"https://github.com/romeshraghavan/turbo_12.4.git",59681
"https://github.com/rouncer27/ironeagle.git",34237
"https://github.com/rschle/dani.git",20706
"https://github.com/ruaanc/instagram.git",523082
"https://github.com/rubylon/data.git",163342
"https://github.com/ruciu/gatsby-starter-netlify-cms.git",22983
"https://github.com/rukmrm/reactnd-project-myreads.git",15424
"https://github.com/vedend/rumishra-blog.git",19145
"https://github.com/rupesh78/book-library-system.git",10669
"https://github.com/ryanclark/karma-webpack.git",41983
"https://github.com/ryankooy/triangleontap.git",20707
"https://github.com/ryou73/re_hanalum.git",40299
"https://github.com/sa-ma/wayfarer.git",10923
"https://github.com/sa-webb/geopins.git",6173
"https://github.com/saadpasta/github-actions-continuous-delivery.git",9661
"https://github.com/sabelofficial/modern-react-stephen.git",399657
"https://github.com/sabmohmayahaii1212/spare2.git",94984
"https://github.com/sachie026-zz/ufo-game-typescript-html5-koji-platform.git",16812
"https://github.com/sagar0937/sagarblog.git",21151
"https://github.com/sakaruma/openlayers.git",152264
"https://github.com/salimkanoun/orthanc-tools-js.git",43619
"https://github.com/saltium/salt-lib.git",11270
"https://github.com/salvationdevelopment/ygosalvation-database.git",467170
"https://github.com/sam-aldis/securetea.git",123851
"https://github.com/sample-of-tech/gatsby-starter-blog.git",20405
"https://github.com/sanbibiodiversityforlife/species.git",40974
"https://github.com/sanemguzeller/release-based-workflow.git",774
"https://github.com/sanjsanj/gatsby-starter-netlify-cms.git",20506
"https://github.com/sapsari/website-devblog-route2roslyn.git",20538
"https://github.com/saragurol/p-boilerplate.git",11974
"https://github.com/sarang4488/openhack.git",22007
"https://github.com/sarapiras1/sarapiras.git",76149
"https://github.com/sarthakbhutani/sarthakbhutani-portfolio.git",21151
"https://github.com/sartoriusrex/usdt.git",12338
"https://github.com/saschagottfried/blog-victor-hugo.git",12539
"https://github.com/savml/vo-unpkg.git",16135
"https://github.com/scanner-research/tv-news-viewer.git",9387
"https://github.com/sce-development/sce-rpc.git",7773
"https://github.com/scorelab/fact-bounty.git",37912
"https://github.com/seantmahoney92/yellowcake.git",25222
"https://github.com/seb6277/portfolio.git",19134
"https://github.com/pfanp/miner-shopping.git",72946
"https://github.com/sense-5/shelter-in-pets-server.git",12675
"https://github.com/sepezho/portfolio.git",30047
"https://github.com/sersoluciones/ser-ui-ng1.git",32147
"https://github.com/shakeebshams/algosandstuff.git",6445
"https://github.com/shaman05/fetool.git",31722
"https://github.com/shanudjn/shahazad-blog.git",20632
"https://github.com/sharangthorat/sharang-app-bom.git",11288
"https://github.com/shawnwang66/pedwayapp.git",37009
"https://github.com/shawwn/pymen.git",15962
"https://github.com/shengkelong/club.git",118302
"https://github.com/shwartz/gby1.git",23922
"https://github.com/sideex/sideex-api.git",27560
"https://github.com/sigmapi-gammaiota/sigmapi-web.git",88085
"https://github.com/silentsilas/silentsilas.com.git",16955
"https://github.com/simonkling/tuto.git",148410
"https://github.com/sjanota/mind-drop.git",16069
"https://github.com/skewwhiffy/onedrive.js.git",32537
"https://github.com/skhizerabass/fexmessenger.git",217848
"https://github.com/skkuse02/2019fall_42class_team1.git",19982
"https://github.com/skomputer/oligrapher.git",70144
"https://github.com/skyengineerr/exercises.git",586817
"https://github.com/sl619437557/moiveweb.git",532508
"https://github.com/slatefoundation/slate.git",35093
"https://github.com/slkrishn/slate.git",13362
"https://github.com/snikas/gatsby-starter-netlify-cms.git",20255
"https://github.com/softmoonwebware/mastercolorpicker.git",20000
"https://github.com/sohaib-sherif/tea-time-presentation.git",23821
"https://github.com/som2y/fix.mobile.git",25226
"https://github.com/sourcecrypto/agoric-records.git",21475
"https://github.com/spacehawks/robot2020.git",19524
"https://github.com/spaw-miami/spaw-app.git",21472
"https://github.com/spbyrne/final-form-null.git",21116
"https://github.com/speedlazer/speedlazer.git",26080
"https://github.com/sprintwithcarlos/coding-classes.git",33499
"https://github.com/srivatsan18/srivatsan-first-blog.git",19144
"https://github.com/srlitem/jasminetest.git",6412
"https://github.com/sswconsulting/ssw.people.git",6296
"https://github.com/stakewise/contracts.git",22517
"https://github.com/stay7omewhere/photo-gallery.git",10549
"https://github.com/stefan-beuchert/pokechatbotwebhook.git",434941
"https://github.com/stephenbsides/stephenbsides.github.io.git",38958
"https://github.com/stephencweiss/code-katas.git",16072
"https://github.com/stevage/mapbox-gl-draw.git",37407
"https://github.com/stevebrownlee/client-side-mastery-evening.git",14352
"https://github.com/sticklerm3/alieninvasion.git",774
"https://github.com/stupot83/holibobs.git",25642
"https://github.com/sumanbikram/azuresecurity.git",153301
"https://github.com/sumit-patange/sample-cloud-native-toolchain-tutorial-20200423032705400.git",13189
"https://github.com/summergir/good-help.git",416340
"https://github.com/sungjaeeom/slate.git",13537
"https://github.com/susannakyllonen/schoolproject-teamcalendar.git",21511
"https://github.com/susurrus-llc/langua.git",7629
"https://github.com/sususweet/qianqiuxi.git",6618
"https://github.com/swamphacks/2020-site.git",16257
"https://github.com/symfonycasts/blackfire.git",23919
"https://github.com/syneticnl/hyral.git",26688
"https://github.com/tangjinhui951023/axios.git",8915
"https://github.com/tanishalatoya/wonderlust-travel-tracker.git",10351
"https://github.com/tannerkrewson/snakeout.git",11986
"https://github.com/tarkiyah/aws-sdk-js.git",1957349
"https://github.com/taweitu/inforgo.git",5918
"https://github.com/tbsniper61/vue-vuex-express-boilerplate.git",10398
"https://github.com/tcary/bugtracker.git",24883
"https://github.com/tdubb/angular-poster-editor.git",38482
"https://github.com/teamcoinshack/coinshack.git",32413
"https://github.com/tecchly/dloplantool.git",24260
"https://github.com/teckpio/teckpio.github.io.git",23098
"https://github.com/tehfedaykin/handlingangularforms.git",17204
"https://github.com/tengbao/vanta.git",14194
"https://github.com/tg0825/tasty-react.git",19097
"https://github.com/th92rodr/notebook.git",25825
"https://github.com/thaiq8nguyen/school-calendar-fe.git",23241
"https://github.com/the-vis-sharma/umove.git",251517
"https://github.com/thecloudgarage/polyglot-microservices-todos.git",15368
"https://github.com/thelayman/repo2.git",16944
"https://github.com/therealjeffg/devtools-dashboard.git",28475
"https://github.com/thinkful-ei-emu/andrewyin-bookmarks-app-react.git",15801
"https://github.com/threesugar/oop2.git",35212
"https://github.com/ti-za/elastos-light-wallet.git",82931
"https://github.com/ti17m006/node-fh-master.git",15814
"https://github.com/ticktricktrack/github-actions-continuous-delivery.git",9661
"https://github.com/tkssharma/arch.tkssharma.com.git",26128
"https://github.com/tlcorp-201/knowledgeblogghost.git",140160
"https://github.com/tobico/seaturtle.git",9003
"https://github.com/tonys-l/loeo2.git",327221
"https://github.com/tooky/curiosity.git",22442
"https://github.com/top-talent0112/react.js-redux-django-restframework.git",7481
"https://github.com/top2017/farmbuild-farmdata.git",23693
"https://github.com/topcoder917/electron-react-native.git",2445
"https://github.com/totoldhgncj/not-emptyrepo.git",52237
"https://github.com/trapavko/hook-champions.git",24429
"https://github.com/travelmodellinggroup/documentation.git",7248
"https://github.com/triple-a-team/publicbeef.git",6654
"https://github.com/tristan1075/watcher.git",2565868
"https://github.com/tristawolf/documentation.git",18161
"https://github.com/pyscada/pyscada.git",76119
"https://github.com/trond240/traveltracker.git",12549
"https://github.com/tviles/github-actions-continuous-delivery.git",9661
"https://github.com/twipped/spiral.git",19194
"https://github.com/txvoz/booking-server.git",41845
"https://github.com/uber/react-digraph.git",11212
"https://github.com/ucfopen/secret-spreadsheet-materia-widget.git",6426
"https://github.com/udaraprageeth/gatsby-starter-netlify-cms.git",22382
"https://github.com/uic-evl/proto-snp.git",46969
"https://github.com/ukhomeoffice/pttg-euro-tlr-enquiry-form.git",14140
"https://github.com/umap-project/umap.git",52443
"https://github.com/umarsuhail/luxuryvoyagewellness.git",30615
"https://github.com/unclephil/pikbooth.git",18707
"https://github.com/unfoldingword/word-aligner.git",36658
"https://github.com/unicefburundi/paludisme.git",55430
"https://github.com/v-potap/prjmooogle.git",33019
"https://github.com/valedan/omnireader.git",37772
"https://github.com/valtech-ch/ic-fe-blueprint.git",15169
"https://github.com/vaniafed/graphql-apollo-learning.git",54581
"https://github.com/varioso/ftin022020.git",48178
"https://github.com/varun-2k/online-compiler.git",797974
"https://github.com/vertjs/ra16-homeworks.git",359096
"https://github.com/vfasteng/riftsketchedit.git",8962
"https://github.com/vicjor/it2810-project_3-courses.git",24249
"https://github.com/victoriaspurlieu/galaxyhorizons.git",3627
"https://github.com/vida-nyu/pipelinevis.git",16023
"https://github.com/vigism/fakedbook.git",72693
"https://github.com/vikasrep/book-store.git",17303
"https://github.com/vinayuttam/github-actions-continuous-delivery.git",9661
"https://github.com/vivamilk/webstarter.git",9682
"https://github.com/vjt960/haloverse_network.git",15867
"https://github.com/voltreffernl/benc-news-app.git",7309
"https://github.com/wandevs/wan-nonfungibletoken-example.git",13536
"https://github.com/wandevs/wandex-front-end.git",12326
"https://github.com/wangbren/web.git",325891
"https://github.com/wangtongmeng/front-end-practice.git",1294686
"https://github.com/wangvilison/test-vuejs.git",155621
"https://github.com/wassermandh/stackathon.git",14299
"https://github.com/watercat12/insomnia_mod_jsonpath.git",259674
"https://github.com/waveywalter/public_2020.git",2535500
"https://github.com/wdev733/react-ecommerce.git",5518
"https://github.com/wdk-docs/axios-docs.git",9269
"https://github.com/web50-zz/diesel.git",125489
"https://github.com/webauthn-open-source/fido2-lib.git",80422
"https://github.com/webfxtim/roofdocs.git",22258
"https://github.com/webmob-super-master/fourball.git",144451
"https://github.com/webpack/webpack.git",221357
"https://github.com/wejaycapstone/wejay.git",17944
"https://github.com/weston1/lp-bdr.git",26145
"https://github.com/wicloz/animesentinel.git",10918
"https://github.com/wiesemann-theis/node-red-contrib-wut.git",19113
"https://github.com/wikimedia/jsonschema-tools.git",7241
"https://github.com/winhc/dev-vue-element-admin.git",41214
"https://github.com/wiredzenith/falldetection.git",914765
"https://github.com/wll1993/autotest_platform.git",83840
"https://github.com/wolox-training/oc-react.git",72799
"https://github.com/woonglae/udemy_nodejs.git",274900
"https://github.com/woxrux9606/reactnative.git",10531
"https://github.com/wps9th-mongkyo/teamproject.git",28390
"https://github.com/wuba/wwto.git",16202
"https://github.com/wuhuanhost/node-utils.git",162933
"https://github.com/wunderlist2/front-end.git",15631
"https://github.com/wurde/graphql-examples.git",25667
"https://github.com/xcasx/angular-seed-pluralsight.git",99875
"https://github.com/xjingg/videos.git",13882
"https://github.com/xroads/site.git",26254
"https://github.com/xuanloi1408/react-video-recorder.git",27200
"https://github.com/xunnamius/haschk.git",19354
"https://github.com/yachtworld/yachtshopper.git",16453
"https://github.com/yahooarchive/pngjs-image.git",16443
"https://github.com/laravel/telescope.git",28860
"https://github.com/artoonie/rcvis.git",37692
"https://github.com/audacious-software/passivedatakit-django.git",95837
"https://github.com/seimsel/signals.git",869
"https://github.com/ava-labs/avalanche-faucet.git",36625
"https://github.com/blockcollider/bcjs.git",63788
"https://github.com/coding-tree/ctpanel-frontend.git",16405
"https://github.com/freecodecamp/freecodecamp.git",200005
"https://github.com/j4dream/cs-table.git",37850
"https://github.com/jacobthwaites/lotr-risk.git",23142
"https://github.com/phetsims/fluid-pressure-and-flow.git",9946
"https://github.com/reduxjs/redux.git",424061
"https://github.com/sheodox/overseer-broadcast.git",13839
"https://github.com/storybookjs/storybook.git",180119
