url,to,from
"https://github.com/nadakourkmas/react-o-graph.git","64bf372ddf2078fffbd5e5c65f07a4054acb56d1","3677f036286b598bfdd958c2aab4d9a3777baf75"
"https://github.com/noetinger/project-3.git","557644ba52f19d3b6f3722429dcdd46ed3f55045","bf59265543d6f0a8b2c46d428b46f4025148c32c"
"https://github.com/quentinbt/devgame.git","ffd78211bf93d8caf121a80760c9e3968ec2586c","280aabf7d4d8adec85f7a3034c359867ca94f388"
"https://github.com/threesugar/oop2.git","54a02561a241eadd6d3589128ae582278308f69d","2781f89870a33ba5f63a25d0b92eb23ff61ec2cc"
"https://github.com/naveteam/saturn.git","22ec80d2e8412951b38bb327d51d4dcfe4830c07","9ee35d849e9f18a22581d906163d1afac563da2b"
"https://github.com/8bitjonny/jsgame.git","69f73773d9e29980ba9ed474330d3caa738e2182","90cd8688161d2f48f39113d72d0ae9d60407d616"
"https://github.com/botix/node-ci.git","1bc40e324c2638081b6b8f7d7aaa95093fa92116","23d95192a3d46b5c0b56e260990ea8544fb34ff6"
"https://github.com/learn-co-students/fewpjs-sending-data-with-fetch-nyc-web-021720.git","fdf64bbe82343846bd8767c37c33e90a7275814d","9a61676f3fcd89fd702766afcd01b00514f7d446"
"https://github.com/mshaikhkt/nodejseexample.git","59cb4e3f51bdb76a1bedd105fbd5fb3be82adf1a","3c9089af9865f75f8a967d31240f4fe5190a2308"
"https://github.com/bellom/todo-list.git","d926b826d62037d074593a3db04d06e6d60fca68","c15fd2227ce8261d9fe187fe48d2d4e2b37dd5f4"
"https://github.com/imbudhiraja/express-boilerplate.git","861ba60f12e3cbbeed3bad8310af325d78ca2352","63190bab6709360300ba12aedced13fb78b47d3b"
"https://github.com/wurde/graphql-examples.git","dd906e284ce5214ba1b54f77907a8c53a8eced1f","a32bb8b03c3992aab4eb7eacdff9e95d406e1308"
"https://github.com/nibble-network/pool.git","38dc66f5fc79bd3e95d298e9b3f5c29cca428d7e","bda28523e198d8e1058486c1403fba9b951e432b"
"https://github.com/andreds-github/projet3.git","a19e109d5cd6ba3ad01b97a5b7250912a5cb69e8","9c01cd3f9ea0249c6499f61cbd67e7ffafbab7e1"
"https://github.com/lastcanal/tvr.git","e005d7e4946467abc3e2f4829c8f6d4de9f70a02","303a669e9ea4a94f891ef5b93dd77246609dfd9a"
"https://github.com/learn-co-students/react-props-movie-lab-chicago-web-021720.git","000cb5bbfdb363dd1fa85a6582c802f13474cb1e","a656ed910b912c348fef665de6660939d4b8ae8c"
"https://github.com/preethamsridhar/electron-updater-example.git","145d4057181019c6c4466f54f2ed5e344eed9c14","9df1fda7ad1b0da8dd55b276aa8f49b821cbd07a"
"https://github.com/flyingbig/3dcommunity.git","6bc4bd718fbeb47f2d200e23c8e131db2f6353b1","14261a6114ea295245afff1fdfa8d9fc7712767f"
"https://github.com/danielkolodziej/portfolio.git","dc49f9fef4d4097795845b4a5cfe1d50bb956827","f99dbe21c72403e9f3fe32d071d24dfcbcac1185"
"https://github.com/peopledoc/styledown.git","983d843f054db35dce9413c3fce061f7eec73474","12de59f2c345aac1ba6489edd3f98f8246e10880"
"https://github.com/i-maxyuan/alcpt.git","65c3f5bb316f955859c87892b9b9ebbd476de96c","3704b9f3ab9ad7ea5390ed0a5818b0cb6903a358"
"https://github.com/ishanajmeri/tic-tac-toe.git","ba38db4280818ab33b1568f6de4c888727d905b6","c011ebfe17f48b6cd366efee84ef3da4b90c02d2"
"https://github.com/codeelves/react-image-annotation.git","6ef29cffe7afe0ef31186e948e9e28368459fc90","fb864cebefcdd2fb60c8cec9d471f7a2256bd9c0"
"https://github.com/srivatsan18/srivatsan-first-blog.git","ee66ce7c6d6ed5fb94723b9b9340ebb88d341b9c","f5139b5c5782f1750153b218ebe820c1c4d65424"
"https://github.com/aadityasharma/aadi-blog-netlify.git","b816306034d2486fe56653759004cda7119f7bf0","6352251f4c4c34dbfcb55db869135baef5412b90"
"https://github.com/johnfyoung/mernstarter.git","ab648418b9673653d9644070603a2c909656833b","7e3a7c7c51a46ef0bff4d5ed4696cafa05dfc786"
"https://github.com/v-potap/prjmooogle.git","6a8b4bc26f3223b62a3a0450e1d2f3654bd43c33","5d9392bbf1b7a2f4845681c5c66a313cd022dbac"
"https://github.com/pedropmedina/sail-front.git","855521fb54b07b7ca8376642903643784aaae9c6","d0ae528eb1e5962b30417007368348fc465e32fa"
"https://github.com/simonkling/tuto.git","68d0a15dbdc43684a5495a234721dae3d0fff4b2","42bc9fa9b6f3dc4903f93990b25395f6ec568edc"
"https://github.com/cngjsskaisme/exchange-react-native.git","1411ddfc5c96fb9cfc1b1209b8baca4ed6f55bbc","505b8ec375c8e3875c5f62979b1be05c0faa3c76"
"https://github.com/faranheit15/faran-tech-blog.git","f4cfd06907385813f84083c58b708b143e0aae1b","5574f71cd3d4398e29cc289d159a5f4f694fda7f"
"https://github.com/j-sea/bailfire.git","b1a8740e7f3f6b8d20717d35601bd2435019a198","c0f7ef4be81dbcc7831f905a4cfaac2314b36c7c"
"https://github.com/learn-co-students/map-dispatch-to-props-lab-austin-web-120919.git","fd4ca5a6099659dd1f5f3659ba81587e30f18a61","80684c63910df869491dacdf58bebe28a29d9335"
"https://github.com/thecloudgarage/polyglot-microservices-todos.git","49f99e400155c049e8b1ebf4bc5f4e733213fb62","a47efa9d056b2ef1185e5ea11f7bc6a09029182b"
"https://github.com/coding-tree/ctpanel-frontend.git","049cc497352dbd23d75700d6e378f4c027801d5a","28377b7e861bdc6137483543f9f2388d757b8fa1"
"https://github.com/atomicwallet/bitcore-lib-xvg.git","a8bc5da2c1da282c96b6b85d7deaaf770b522563","ef3c54b40cba996e36f539ebedf9acb378fd4e59"
"https://github.com/foraliving/foraliving_v0.git","8bc5c415a09b3c7e8c848d0364c4fc82fdeeca10","1ba585a0285200f288ab1dfc7d7338dfb3ac32c3"
"https://github.com/hengg/js-walker.git","2dc1af3303a8565dd5599f8803d4454121bfdbec","824bacea1b97efea207c6e41edf502c47b15289c"
"https://github.com/nodejs/wasi.git","246651821ca7baf8b25f277c5bb0b5a9c9a944fd","a046ae5ceddcaaf695df60be5dbc9d725beb6f22"
"https://github.com/watercat12/insomnia_mod_jsonpath.git","c109737e9f96228ee18a5a374777be228a11d2ce","b2bc2db184dc8010726badd82ba0b445219bfa28"
"https://github.com/learn-co-students/react-props-and-state-lab-london-web-010620.git","2fe8a55567dc7ce4991e8fd1f5e117d22686b744","0dbe9da1c12d26c9c96d7de727b8159546fe266d"
"https://github.com/harrisonshort/gig-tracker.git","e3e5b4afd1c834e0b839d6b4cec9ac24ea446019","a1c1d982d9245c672e738128c03cf146837c33ca"
"https://github.com/jeffmjwong/aws-node-react-todolist-app.git","c1c9ec11bc86119964d1cfd88893d79742a1f2a6","39a7d8f523bc9a6172000962d9f39f3e0573abbe"
"https://github.com/crescens/townsquare.git","62b53f46b98038672a1f22ac7f01be3cafb9d36b","f21935a6860f51e7e0a8c174732bf10918e5c3a9"
"https://github.com/johndinhdev/soul-sword.git","36d2a4fe1bfa822d7c55b48088bfeb4f0a09c3a0","f5c2baaaa46822ea5d95f33b96e93c983b53ae7c"
"https://github.com/rukmrm/reactnd-project-myreads.git","7a33f44805b2f8ab4f3132b83897a37ddb1e4e59","eccb65eb1c49ca52d8b85beaebe4d76e7447f160"
"https://github.com/andela/coding-geeks-ah-backend.git","d888ade952064d10ab4c558b48bb787750ae8abe","eab5664a409b42f80e5733678df2e41ca36312c6"
"https://github.com/learn-co-students/map-state-to-props-lab-nyc-web-082619.git","ead61ff840ae7ec0dc18405f0d2263f9edc4b2b2","176d06a77cef094e502c6379d84ab0ba4fe9b837"
"https://github.com/ocranbillions/xyz.git","c0fff2c8c19981f76898e18e0dd04d375756c67d","94c730235cedce1a8fe9979dcf594c1dc5fc55ed"
"https://github.com/felixwieland/inez.git","c867d0f20a1e219c9bc7f3ba092f414fa6a98cce","8edafa365fe16f36477afecdcfc123711b1fc897"
"https://github.com/jamesrexmiller4/refactortractor.git","34a93865bad7a0dc6e8c8c5e72e67a70abd7504d","7767b2c4a81f90d8e16344c099aa7f7f9a4575af"
"https://github.com/bravetechnologycoop/bravebuttons.git","c495b865c956a995a9a01230a9e8e18b1ea8fcda","8a2f0cc52d60105155ac7b11ea9a2b97143c305f"
"https://github.com/pieter-degeneffe/equibase-server.git","50a4f6216f5b3d97d2d0193afad642e5a0136aaf","6d5525c3cb0306f8d085ebeb0883e72731b84e1d"
"https://github.com/payu/openapi-validator-middleware.git","afb861b7e1daac9cc1a1d8cbd659903c28fb9b5d","da3443c79862b834cbc4dd434b38c8f582df1e4f"
"https://github.com/dinir/mini-padder.git","b1e731d00c3bfad36ea2e25ec74af1277fe45ad5","f8167c33ce39b305f32866a7815c9beadee8df2a"
"https://github.com/lucianogeo/pensar2online.git","33a5393691b60484132cfcb25ae7fe7a20f737a5","c013ced55c56afabb92857b74664b26ae821071b"
"https://github.com/kinla/sanity-company-demo.git","5584d3469d1a5143a754233c165a0e5c2ca9ea5d","94986df1f1ef0728c474846f6272e2d335cfc487"
"https://github.com/alexandramcmorris/cs4450antibuddies.git","b0b9c5107271db259970967a5e10f8510e39aaf9","ebcb8f65b267d1ef80617e6eeaaa26b8775a7f6c"
"https://github.com/desihub/qlf.git","a9c455f7aee41d7901c89ae90dd821c617340a86","6f8783932898800e06f51a85a80fc085613aa53a"
"https://github.com/kalaxxy/shop.git","b8cd9d3c53c8679e7f609f941e3dc2bc8f6501f9","03980d8a30da76f4d9a9bccaee9eb4d8713c8857"
"https://github.com/1906-share-code/code-share.git","1025de5e0435608dd3f01200aa66632d981deae9","83bfa42f1ee7b1cd23c002367265eb644f608b52"
"https://github.com/junolab/atom-ink.git","dc2f7ceb93f26a4793289cbe94b3213dcf36fa4c","1e06474683ea4c1c5cba3180ecaf19d5c907254b"
"https://github.com/flailingmaster/commitchallenge.git","82be745df01e2c5a2b9567129fad9ef489d274cb","6a90412b33c18a3ed603b6cb6859900f0e40fec6"
"https://github.com/symfonycasts/blackfire.git","93df10d3814c6d81bef74dc9ce8ef1f947514ff7","4a46f808f547e046723911db9b9075575d00e4a6"
"https://github.com/paladindigital/wowstats.git","1a019c8563723dae2d2a2b980c44a1d1fb55aaee","602b61d29060ad07d588e7b3518a79b6a177eb87"
"https://github.com/sprintwithcarlos/coding-classes.git","86f2c2e61264dff0f88cfae510c39e2d4612cd0e","c81856b47c57844c596ce0769be199cb67fe290c"
"https://github.com/priviere42/sehra.git","186e352e641cbde7c40f525140b3614dd2a75650","33dfda2ced22bb98ab84a505acf3c72a61978930"
"https://github.com/lukassso/gatsby-netlify-cms-starter.git","0cc4f6558db53d681d296c39c1b5aacaca25c011","e9776375207c510b2a1857b8cad3f167338a1097"
"https://github.com/iamharrytran/react-csv.git","b491da93e415e84538a8ff8686fcbae252cae51a","e50f140aa0d0798216a9722c77439e77a51e322c"
"https://github.com/buddhathechef/jul2019.git","2540b8e71858764b90890d8bdec872b45b61d8e1","a606a936e18d2c4a1820b8b35fc21d0604027868"
"https://github.com/peizhong/pystuff.git","99102c6c413b106ff8e8ba5f8b63f2e4bd766b1e","0cb0704944a2300c77596d1e7cf8c6c92d293d63"
"https://github.com/misterio77/trabalho-idw.git","9807277d4a30f0a3bfa05862f48429539b661b0d","e7b468b5793ae0e883fd20a64106e371c8239f38"
"https://github.com/liamrdawson/gatsby-netlify-cms-test.git","32b39c14d3f9a593f8219fe1f83cb28803b33a55","b5089f529f680d9fb5928b4aca1fbc9957c22750"
"https://github.com/andrewstam/webdev-summer2019-final-project-andrew-stam.git","0e329894c0859cea1a410edceb563aabc8ccfda3","c08f4ec81ce035d6fc64aff06dc0838f16e09334"
"https://github.com/taweitu/inforgo.git","cbaa6bd20c7cd5fb8c7dc996a05048ef273a12ca","d66b27ffbd42a357a897c5400d4fd2048a831f4c"
"https://github.com/kach92/ga-classroom.git","3b7683b997b53d6d688b9520960ce9bbdb876428","088eefc3455fa25eaf9d95ad079b5d8cae149295"
"https://github.com/rouncer27/ironeagle.git","2f8a818f2bbbe5a8165fa60edfac7ec57d4f32a6","af59496d5e4829456557b2a6b1631c6460745173"
"https://github.com/aychcom/relay.git","e17526a81429dce230068cca95aae9529fdaebf6","6f261a4bf717997769b7cc7a9c1af91a5a3ffe40"
"https://github.com/2019-echo-team-kali/career-track-application.git","7face4f13954baa722cd01d07db8a4f2371b76df","78824786cd14fea06b72bbb11997cd00a53a5698"
"https://github.com/mgm1313/devierdedimensie.nl.git","7a5e894be9a5ffd2058221aa9f8cb13e4ce3c071","1e5fdf0a33c1a2357b41ea2a90fe68fa02ade5c8"
"https://github.com/mjakeirwin/employee-engagement.git","04bd728bf1c0a2d13e1e455c3cb652fed6948be7","e321b502360b41710f31a1adc1ab8734ff928d5b"
"https://github.com/th92rodr/notebook.git","222d1e90a042291086b21d2ff751d04d186a32f8","c87afdc24213257cca8810bd9a7f58aed9e3b67a"
"https://github.com/dardansojeva/demochattestincloud.git","cebf7c5ab2e1cb227519c8fd76551ad2278765e0","b11479994f3a5ac8cbc3fb02047704e91ad079c6"
"https://github.com/cptbang/matcha.git","3a623ffc14a15fe6e48fa0b35a1286152175200e","bc816eea7fb13b22764e06f22eb93f70160472d4"
"https://github.com/esriuk/worldview.git","2fab7f4d1d2a6236f4ee32f1a768471d6a8f49bb","1f14e21107efe9b1e7fd1d99fee1f6ec5632cae1"
"https://github.com/learn-co-students/react-forms-lab-atlanta-web-021720.git","9fc302351c5d3791fb299ab2a91803f7879796ee","cc5df1362b7b544c77b6fcf0b04d0ae0d4a3f7a9"
"https://github.com/fac-graduate-programme/nova-foundation.git","d0c491c96a03889f67a571b0af7d53069b8cb545","520244fe17aa9f0dc2a3602c1631c5c7ddab5d08"
"https://github.com/jpjpjp/webex-jira-notifier.git","bffab08d7e61f041d429b764f4ac2dae6b5e8b67","fb8959336ba87f6ee196cf9d7e42d0ce1399d365"
"https://github.com/wandevs/wan-nonfungibletoken-example.git","395ef39f6eebaeafdbbbca2401f1c8f7c7dd8ad1","dea5db94b6ea5a8435f8ae7a701cf90b6664a366"
"https://github.com/learn-co-students/react-props-and-state-lab-seattle-web-030920.git","f9acf55773041eab0176068828af53bf3ae77569","0db9ed9d2ae8133433e117260762dcdaabd6ddca"
"https://github.com/davidlopezamm/robofestmx.git","3dc50add3a0d44c15f2d31d1c1433660e73d3aee","c26278dc31eb72671b7d2f1dae56420d99e6abdf"
"https://github.com/doncharest/cs673.git","9acd5c1123fb3bdcc884ec96f2daf9cfcf7a3224","0c4f752893bd057eb3dc21cfef5f395098d549c1"
"https://github.com/ridjalfathoni/test-case.git","815a296af5199d70892d79e52ac0b0244283bf5f","b0ae3b660514a208638ab65b2705430a60beb772"
"https://github.com/clagomess/mapa-brasil.git","34178855f4ce61974975f9aca3355fb20ba0aa6f","888677525cce9d24d20caa56c4d6fce7bdec0fd0"
"https://github.com/ashu8912/fitnessappreactnative.git","bdb1bb75d229c6c946d9a376c439380da8f4d74c","46b48ab457e68b79df75949ef9e7bd398d544922"
"https://github.com/b-bartosz/calc-app.git","87c44d0f7fe152fe1c79ccf9c24c21b98b9b4778","30f114040854d6089c3f38afd5d17fb88edc29b8"
"https://github.com/arxun/react-admin.git","4b9779fc4de9e64bc0fcec156352e051fab8f1e9","e829acd870c7a4fc2c9a104fba5aba8805e04512"
"https://github.com/krnsk0/krnsk0.dev.git","72873799792c84deafa61faafc79690833a53b22","621447ea407a0d518a45fa058db75e0323d0b361"
"https://github.com/lucasdinizcosta/automatocelulargeracaoprocedural.git","99248d7359663e653f4fc4856c513c85205a8406","c6675837c9942f766932347a6f4f81f4a896ff2c"
"https://github.com/croanlabs/backend-futurities.git","5fb58c295c9233b6574829eeb902de56d89df1bb","b07ebf8dd18b7dfc074d9240c5f6bccff63ac364"
"https://github.com/unclephil/pikbooth.git","1136cc8a9cc9b3dac6f509f3bd00b514bc6db3a2","9b204408d1901aa3aeaec867655bc772729fa498"
